,Name,Price
0,Feel-Good Productivity: How to Do More of What Matters to You,₹499.00
1,Brahmanandam,₹499.00
2,"Oswaal CBSE LMP Last Minute Preparation System Class 10 (English Language & Literature, Science, Mathematics Standard & Social Science) With Board Additional Practice Questions For 2024 Board Exams #WinTheBoards",₹149.00
3,Atomic Habits,₹542.00
4,Don't Believe Everything You Think (English),₹187.00
5,My First Library: Boxset of 10 Board Books for Kids,₹399.00
6,Aditya Ranjan,₹145.00
7,All Religions Are Not The Same,₹395.00
8,The Power of Your Subconscious Mind: Original Edition | Premium Paperback,₹115.00
9,Oswaal CBSE Sample Question Papers Class 10 Science Book (For Board Exams 2024) | 2023-24,₹287.00
10,Ikigai,₹346.00
11,"201 Brain Booster Activity Book - Fun Activities and Exercises For Children: Tracing & Pattern, Colors & Shapes, Maze",₹99.00
12,The Psychology Of Money,₹310.00
13,33 Days Challenge CBSE Class 10 Final Revision Book Pack of 3 Mathematics Standard Science Social Science for 2024 Board Exam (Includes Sample Papers) by Padhle Akshay,₹730.00
14,Oswaal CBSE Sample Question Papers Class 10 Mathematics Standard Book (For Board Exams 2024) | 2023-24,₹280.00
15,Shrimad Bhagwat Geeta Yatharoop,₹260.00
16,"MINtile Sank Magic Practice Copybook, (4 Book + 10 Refill) Number Tracing Book for Preschoolers with Pen, Magic Calligraphy Copybook Set Practical Reusable Writing Tool Simple Hand Lettering",₹120.00
17,Colouring Books Boxset: Pack of 12 Copy Colour Books For Children,₹329.00
18,"Do It Today: Overcome procrastination, improve productivity and achieve more meaningful things [Paperback] Foroux, Darius",₹144.00
19,Rich Dad Poor Dad: 25th Anniversary Edit,₹435.89
20,My First Book of Patterns Pencil Control: Patterns Practice book for kids (Pattern Writing),₹89.00
21,The Things You Can See Only When You Slo,₹448.88
22,Rupesh Thakur Prasad Panchang 2024 /Thakur Prasad Medium Colorful Hindi Panchang Calendar 2024,₹70.00
23,Oswaal CBSE Sample Question Papers Class 10 Social Science Book (For Board Exams 2024) | 2023-24,₹287.00
24,"THE SILENT PATIENT [Paperback] Michaelides, Alex",₹206.00
25,You Can,₹99.00
26,Educart CBSE Class 10 Final Revision Book for 2023 - Maths Standard + Science + SST + English (Includes access to All India Offline Pre-board Exam 2022-23),₹553.00
27,The Power of Your Subconscious Mind,₹99.00
28,Ajay Patel,₹246.00
29,Breaking the Mould : Reimagining India's Economic Future,₹605.00
